ID,score
1,7.0
2,4.0
3,8.0
4,5.0
5,7.0
6,10.0
7,3.0
8,7.0
9,8.0
10,5.0
11,4.0
12,8.0
13,8.0
14,3.0
15,6.0
16,5.0
17,2.0
18,8.0
19,6.0
20,2.0
21,5.0
22,1.0
23,10.0
24,6.0
25,9.0
26,1.0
27,10.0
28,3.0
29,7.0
30,4.0
31,9.0
32,3.0
33,5.0
34,3.0
35,7.0
36,5.0
37,9.0
38,7.0
39,2.0
40,4.0
41,9.0
42,2.0
43,10.0
44,9.0
45,10.0
46,5.0
47,2.0
48,4.0
49,7.0
50,8.0
51,3.0
52,1.0
53,4.0
54,2.0
55,8.0
56,4.0
57,2.0
58,6.0
59,6.0
60,10.0
61,4.0
62,6.0
63,2.0
64,10.0
65,2.0
66,10.0
67,4.0
68,8.0
69,7.0
70,9.0
71,8.0
72,5.0
73,2.0
74,5.0
75,8.0
76,10.0
77,9.0
78,9.0
79,1.0
80,9.0
81,7.0
82,9.0
83,8.0
84,1.0
85,8.0
86,8.0
87,3.0
88,1.0
89,8.0
90,3.0
91,3.0
92,1.0
93,5.0
94,10.0
95,7.0
96,10.0
97,9.0
98,7.0
99,9.0
100,8.0
101,2.0
102,1.0
103,7.0
104,7.0
105,8.0
106,5.0
107,3.0
108,8.0
109,6.0
110,3.0
111,1.0
112,3.0
113,5.0
114,3.0
115,1.0
116,5.0
117,10.0
118,7.0
119,7.0
120,9.0
121,10.0
122,10.0
123,3.0
124,7.0
125,1.0
126,4.0
127,4.0
128,5.0
129,7.0
130,7.0
131,4.0
132,7.0
133,3.0
134,6.0
135,2.0
136,10.0
137,9.0
138,5.0
139,6.0
140,4.0
141,10.0
142,7.0
143,9.0
144,7.0
145,1.0
146,1.0
147,9.0
148,9.0
149,4.0
150,9.0
151,3.0
152,7.0
153,6.0
154,8.0
155,9.0
156,5.0
157,1.0
158,3.0
159,10.0
160,8.0
161,6.0
162,8.0
163,9.0
164,4.0
165,1.0
166,1.0
167,10.0
168,4.0
169,7.0
170,2.0
171,3.0
172,1.0
173,5.0
174,1.0
175,8.0
176,1.0
177,1.0
178,2.0
179,2.0
180,6.0
181,7.0
182,5.0
183,1.0
184,1.0
185,3.0
186,2.0
187,5.0
188,10.0
189,6.0
190,7.0
191,4.0
192,7.0
193,8.0
194,1.0
195,6.0
196,8.0
197,5.0
198,4.0
199,2.0
200,6.0
201,6.0
202,1.0
203,9.0
204,6.0
205,3.0
206,4.0
207,4.0
208,3.0
209,10.0
210,3.0
211,3.0
212,4.0
213,7.0
214,4.0
215,9.0
216,1.0
217,8.0
218,7.0
219,2.0
220,8.0
221,1.0
222,9.0
223,9.0
224,2.0
225,7.0
226,10.0
227,3.0
228,7.0
229,10.0
230,9.0
231,4.0
232,1.0
233,2.0
234,1.0
235,5.0
236,5.0
237,7.0
238,9.0
239,9.0
240,3.0
241,3.0
242,3.0
243,4.0
244,8.0
245,6.0
246,8.0
247,1.0
248,8.0
249,4.0
250,1.0
251,8.0
252,4.0
253,6.0
254,8.0
255,4.0
256,3.0
257,9.0
258,3.0
259,9.0
260,2.0
261,2.0
262,2.0
263,6.0
264,3.0
265,9.0
266,4.0
267,1.0
268,4.0
269,1.0
270,5.0
271,4.0
272,8.0
273,8.0
274,7.0
275,3.0
276,1.0
277,1.0
278,3.0
279,6.0
280,7.0
281,6.0
282,6.0
283,6.0
284,3.0
285,6.0
286,8.0
287,2.0
288,5.0
289,1.0
290,1.0
291,5.0
292,3.0
293,4.0
294,3.0
295,1.0
296,1.0
297,5.0
298,6.0
299,3.0
300,9.0
301,5.0
302,8.0
303,1.0
304,5.0
305,3.0
306,1.0
307,4.0
308,5.0
309,7.0
310,1.0
311,3.0
312,2.0
313,9.0
314,10.0
315,6.0
316,10.0
317,3.0
318,8.0
319,8.0
320,2.0
321,6.0
322,7.0
323,2.0
324,10.0
325,2.0
326,10.0
327,1.0
328,8.0
329,1.0
330,9.0
331,6.0
332,7.0
333,10.0
334,7.0
335,10.0
336,3.0
337,2.0
338,9.0
339,8.0
340,10.0
341,7.0
342,9.0
343,4.0
344,4.0
345,1.0
346,8.0
347,3.0
348,7.0
349,2.0
350,2.0
351,7.0
352,6.0
353,3.0
354,9.0
355,10.0
356,6.0
357,10.0
358,10.0
359,6.0
360,1.0
361,4.0
362,10.0
363,6.0
364,6.0
365,5.0
366,1.0
367,8.0
368,5.0
369,5.0
370,7.0
371,4.0
372,6.0
373,4.0
374,3.0
375,7.0
376,8.0
377,4.0
378,2.0
379,10.0
380,3.0
381,1.0
382,8.0
383,3.0
384,10.0
385,7.0
386,10.0
387,5.0
388,10.0
389,5.0
390,7.0
391,9.0
392,5.0
393,1.0
394,10.0
395,10.0
396,1.0
397,2.0
398,6.0
399,9.0
400,8.0
401,5.0
402,1.0
403,7.0
404,5.0
405,6.0
406,7.0
407,3.0
408,10.0
409,3.0
410,5.0
411,6.0
412,9.0
413,5.0
414,1.0
415,4.0
416,5.0
417,10.0
418,10.0
419,5.0
420,7.0
421,4.0
422,1.0
423,5.0
424,7.0
425,10.0
426,10.0
427,6.0
428,5.0
429,4.0
430,2.0
431,4.0
432,10.0
433,10.0
434,3.0
435,10.0
436,1.0
437,8.0
438,5.0
439,4.0
440,8.0
441,7.0
442,2.0
443,1.0
444,4.0
445,8.0
446,2.0
447,3.0
448,1.0
449,1.0
450,3.0
451,5.0
452,3.0
453,1.0
454,1.0
455,8.0
456,10.0
457,2.0
458,3.0
459,2.0
460,3.0
461,7.0
462,1.0
463,10.0
464,8.0
465,10.0
466,10.0
467,10.0
468,2.0
469,3.0
470,9.0
471,7.0
472,4.0
473,10.0
474,5.0
475,2.0
476,8.0
477,4.0
478,9.0
479,5.0
480,9.0
481,4.0
482,10.0
483,5.0
484,9.0
485,8.0
486,3.0
487,1.0
488,3.0
489,4.0
490,2.0
491,1.0
492,7.0
493,8.0
494,7.0
495,5.0
496,1.0
497,7.0
498,7.0
499,9.0
500,3.0
501,9.0
502,1.0
503,1.0
504,4.0
505,9.0
506,6.0
507,3.0
508,1.0
509,4.0
510,9.0
511,3.0
512,9.0
513,7.0
514,4.0
515,3.0
516,10.0
517,5.0
518,5.0
519,3.0
520,9.0
521,4.0
522,5.0
523,4.0
524,5.0
525,7.0
526,9.0
527,7.0
528,5.0
529,10.0
530,10.0
531,7.0
532,10.0
533,5.0
534,3.0
535,7.0
536,2.0
537,9.0
538,10.0
539,10.0
540,1.0
541,6.0
542,7.0
543,8.0
544,10.0
545,9.0
546,2.0
547,10.0
548,2.0
549,5.0
550,5.0
551,6.0
552,3.0
553,8.0
554,1.0
555,6.0
556,4.0
557,1.0
558,7.0
559,9.0
560,4.0
561,4.0
562,6.0
563,3.0
564,6.0
565,7.0
566,10.0
567,10.0
568,3.0
569,7.0
570,3.0
571,2.0
572,10.0
573,4.0
574,8.0
575,9.0
576,7.0
577,1.0
578,3.0
579,9.0
580,1.0
581,9.0
582,8.0
583,1.0
584,6.0
585,5.0
586,6.0
587,10.0
588,5.0
589,6.0
590,5.0
591,5.0
592,4.0
593,3.0
594,3.0
595,4.0
596,9.0
597,2.0
598,9.0
599,1.0
600,1.0
601,5.0
602,6.0
603,6.0
604,3.0
605,7.0
606,9.0
607,10.0
608,8.0
609,6.0
610,8.0
611,5.0
612,8.0
613,10.0
614,4.0
615,10.0
616,8.0
617,10.0
618,2.0
619,5.0
620,9.0
621,4.0
622,6.0
623,1.0
624,9.0
625,1.0
626,5.0
627,4.0
628,3.0
629,6.0
630,2.0
631,3.0
632,5.0
633,9.0
634,2.0
635,10.0
636,8.0
637,2.0
638,5.0
639,7.0
640,8.0
641,1.0
642,6.0
643,1.0
644,2.0
645,1.0
646,5.0
647,10.0
648,9.0
649,6.0
650,1.0
651,1.0
652,2.0
653,9.0
654,3.0
655,1.0
656,5.0
657,7.0
658,6.0
659,1.0
660,5.0
661,5.0
662,6.0
663,3.0
664,5.0
665,7.0
666,5.0
667,5.0
668,5.0
669,10.0
670,10.0
671,3.0
672,1.0
673,5.0
674,9.0
675,1.0
676,3.0
677,4.0
678,1.0
679,1.0
680,8.0
681,2.0
682,8.0
683,7.0
684,10.0
685,10.0
686,2.0
687,6.0
688,6.0
689,3.0
690,2.0
691,1.0
692,6.0
693,5.0
694,9.0
695,1.0
696,7.0
697,5.0
698,5.0
699,2.0
700,3.0
701,7.0
702,6.0
703,2.0
704,6.0
705,2.0
706,2.0
707,2.0
708,3.0
709,2.0
710,4.0
711,9.0
712,6.0
713,1.0
714,8.0
715,7.0
716,10.0
717,3.0
718,1.0
719,5.0
720,4.0
721,10.0
722,8.0
723,1.0
724,10.0
725,1.0
726,4.0
727,8.0
728,5.0
729,2.0
730,6.0
731,5.0
732,2.0
733,3.0
734,9.0
735,7.0
736,7.0
737,6.0
738,8.0
739,4.0
740,8.0
741,4.0
742,8.0
743,9.0
744,3.0
745,3.0
746,2.0
747,10.0
748,3.0
749,3.0
750,5.0
751,5.0
752,2.0
753,10.0
754,6.0
755,5.0
756,6.0
757,1.0
758,5.0
759,9.0
760,10.0
761,2.0
762,1.0
763,10.0
764,9.0
765,10.0
766,9.0
767,9.0
768,6.0
769,8.0
770,1.0
771,10.0
772,4.0
773,1.0
774,8.0
775,1.0
776,3.0
777,4.0
778,8.0
779,6.0
780,10.0
781,7.0
782,8.0
783,2.0
784,10.0
785,8.0
786,3.0
787,7.0
788,3.0
789,7.0
790,2.0
791,10.0
792,6.0
793,3.0
794,3.0
795,9.0
796,7.0
797,5.0
798,10.0
799,7.0
800,9.0
801,1.0
802,7.0
803,6.0
804,10.0
805,9.0
806,1.0
807,4.0
808,9.0
809,4.0
810,10.0
811,3.0
812,9.0
813,2.0
814,4.0
815,6.0
816,2.0
817,8.0
818,8.0
819,1.0
820,3.0
821,10.0
822,9.0
823,5.0
824,6.0
825,4.0
826,10.0
827,2.0
828,8.0
829,6.0
830,5.0
831,9.0
832,1.0
833,5.0
834,6.0
835,5.0
836,6.0
837,6.0
838,7.0
839,4.0
840,8.0
841,7.0
842,9.0
843,7.0
844,3.0
845,3.0
846,8.0
847,5.0
848,4.0
849,8.0
850,6.0
851,2.0
852,4.0
853,4.0
854,6.0
855,6.0
856,1.0
857,8.0
858,6.0
859,3.0
860,9.0
861,2.0
862,8.0
863,10.0
864,3.0
865,5.0
866,6.0
867,10.0
868,6.0
869,4.0
870,3.0
871,4.0
872,1.0
873,4.0
874,1.0
875,1.0
876,10.0
877,6.0
878,5.0
879,4.0
880,3.0
881,1.0
882,6.0
883,2.0
884,8.0
885,10.0
886,5.0
887,7.0
888,10.0
889,2.0
890,8.0
891,2.0
892,4.0
893,1.0
894,5.0
895,9.0
896,1.0
897,9.0
898,8.0
899,6.0
900,7.0
901,3.0
902,1.0
903,5.0
904,2.0
905,5.0
906,8.0
907,9.0
908,2.0
909,3.0
910,3.0
911,1.0
912,8.0
913,6.0
914,8.0
915,9.0
916,5.0
917,3.0
918,5.0
919,5.0
920,5.0
921,3.0
922,10.0
923,4.0
924,9.0
925,10.0
926,9.0
927,2.0
928,8.0
929,8.0
930,7.0
931,8.0
932,3.0
933,6.0
934,1.0
935,7.0
936,1.0
937,9.0
938,1.0
939,1.0
940,7.0
941,2.0
942,5.0
943,8.0
944,8.0
945,3.0
946,7.0
947,3.0
948,6.0
949,6.0
950,3.0
951,7.0
952,3.0
953,8.0
954,10.0
955,4.0
956,1.0
957,4.0
958,7.0
959,4.0
960,6.0
961,9.0
962,1.0
963,5.0
964,7.0
965,1.0
966,4.0
967,6.0
968,2.0
969,10.0
970,5.0
971,10.0
972,1.0
973,6.0
974,6.0
975,4.0
976,8.0
977,4.0
978,8.0
979,8.0
980,5.0
981,4.0
982,2.0
983,3.0
984,3.0
985,4.0
986,4.0
987,10.0
988,5.0
989,4.0
990,10.0
991,8.0
992,6.0
993,6.0
994,8.0
995,7.0
996,10.0
997,10.0
998,8.0
999,2.0
1000,9.0
1001,1.0
1002,8.0
1003,4.0
1004,4.0
1005,5.0
1006,8.0
1007,5.0
1008,8.0
1009,10.0
1010,1.0
1011,10.0
1012,9.0
1013,6.0
1014,3.0
1015,8.0
1016,9.0
1017,6.0
1018,7.0
1019,1.0
1020,5.0
1021,5.0
1022,10.0
1023,4.0
1024,6.0
1025,7.0
1026,9.0
1027,1.0
1028,6.0
1029,7.0
1030,3.0
1031,8.0
1032,5.0
1033,9.0
1034,5.0
1035,9.0
1036,10.0
1037,4.0
1038,9.0
1039,5.0
1040,10.0
1041,9.0
1042,3.0
1043,4.0
1044,9.0
1045,10.0
1046,6.0
1047,2.0
1048,7.0
1049,2.0
1050,2.0
1051,1.0
1052,3.0
1053,6.0
1054,8.0
1055,9.0
1056,7.0
1057,4.0
1058,6.0
1059,5.0
1060,8.0
1061,1.0
1062,1.0
1063,6.0
1064,10.0
1065,2.0
1066,5.0
1067,1.0
1068,7.0
1069,1.0
1070,4.0
1071,9.0
1072,1.0
1073,4.0
1074,6.0
1075,6.0
1076,8.0
1077,1.0
1078,7.0
1079,1.0
1080,7.0
1081,3.0
1082,8.0
1083,3.0
1084,1.0
1085,8.0
1086,3.0
1087,2.0
1088,1.0
1089,3.0
1090,2.0
1091,2.0
1092,6.0
1093,1.0
1094,2.0
1095,6.0
1096,3.0
1097,4.0
1098,1.0
1099,8.0
1100,7.0
1101,7.0
1102,3.0
1103,10.0
1104,10.0
1105,3.0
1106,2.0
1107,1.0
1108,7.0
1109,7.0
1110,2.0
1111,7.0
1112,8.0
1113,1.0
1114,9.0
1115,7.0
1116,3.0
1117,8.0
1118,7.0
1119,8.0
1120,6.0
1121,9.0
1122,5.0
1123,3.0
1124,3.0
1125,1.0
1126,8.0
1127,2.0
1128,3.0
1129,8.0
1130,8.0
1131,4.0
1132,4.0
1133,5.0
1134,6.0
1135,5.0
1136,7.0
1137,2.0
1138,7.0
1139,10.0
1140,7.0
1141,1.0
1142,7.0
1143,5.0
1144,3.0
1145,3.0
1146,4.0
1147,2.0
1148,2.0
1149,1.0
1150,5.0
1151,4.0
1152,10.0
1153,2.0
1154,3.0
1155,7.0
1156,7.0
1157,4.0
1158,5.0
1159,5.0
1160,6.0
1161,9.0
1162,2.0
1163,5.0
1164,3.0
1165,4.0
1166,10.0
1167,6.0
1168,8.0
1169,1.0
1170,10.0
1171,8.0
1172,7.0
1173,1.0
1174,2.0
1175,3.0
1176,1.0
1177,9.0
1178,8.0
1179,2.0
1180,9.0
1181,7.0
1182,9.0
1183,6.0
1184,6.0
1185,4.0
1186,10.0
1187,10.0
1188,2.0
1189,7.0
1190,5.0
1191,6.0
1192,2.0
1193,5.0
1194,10.0
1195,4.0
1196,9.0
1197,6.0
1198,2.0
1199,1.0
1200,5.0
1201,9.0
1202,6.0
1203,10.0
1204,7.0
1205,5.0
1206,10.0
1207,6.0
1208,5.0
1209,9.0
1210,6.0
1211,8.0
1212,2.0
1213,9.0
1214,5.0
1215,7.0
1216,10.0
1217,1.0
1218,10.0
1219,5.0
1220,10.0
1221,2.0
1222,6.0
1223,1.0
1224,3.0
1225,5.0
1226,4.0
1227,3.0
1228,10.0
1229,5.0
1230,8.0
1231,4.0
1232,1.0
1233,7.0
1234,8.0
1235,3.0
1236,6.0
1237,2.0
1238,7.0
1239,8.0
1240,6.0
1241,6.0
1242,5.0
1243,8.0
1244,1.0
1245,10.0
1246,4.0
1247,4.0
1248,3.0
1249,3.0
1250,4.0
1251,1.0
1252,2.0
1253,9.0
1254,10.0
1255,2.0
1256,5.0
1257,9.0
1258,9.0
1259,8.0
1260,1.0
1261,1.0
1262,9.0
1263,8.0
1264,10.0
1265,9.0
1266,7.0
1267,3.0
1268,3.0
1269,2.0
1270,5.0
1271,3.0
1272,6.0
1273,2.0
1274,3.0
1275,5.0
1276,1.0
1277,1.0
1278,10.0
1279,9.0
1280,7.0
1281,1.0
1282,8.0
1283,3.0
1284,8.0
1285,5.0
1286,1.0
1287,7.0
1288,5.0
1289,6.0
1290,6.0
1291,8.0
1292,9.0
1293,2.0
1294,9.0
1295,10.0
1296,9.0
1297,10.0
1298,10.0
1299,7.0
1300,1.0
1301,7.0
1302,10.0
1303,5.0
1304,6.0
1305,10.0
1306,7.0
1307,5.0
1308,7.0
1309,9.0
1310,3.0
1311,8.0
1312,2.0
1313,7.0
1314,2.0
1315,4.0
1316,7.0
1317,3.0
1318,2.0
1319,10.0
1320,7.0
1321,1.0
1322,8.0
1323,3.0
1324,2.0
1325,3.0
1326,5.0
1327,8.0
1328,10.0
1329,7.0
1330,7.0
1331,7.0
1332,8.0
1333,1.0
1334,4.0
1335,6.0
1336,9.0
1337,2.0
1338,1.0
1339,10.0
1340,2.0
1341,7.0
1342,3.0
1343,10.0
1344,2.0
1345,7.0
1346,2.0
1347,3.0
1348,7.0
1349,4.0
1350,1.0
1351,5.0
1352,9.0
1353,8.0
1354,9.0
1355,10.0
1356,9.0
1357,7.0
1358,4.0
1359,5.0
1360,1.0
1361,1.0
1362,3.0
1363,8.0
1364,2.0
1365,4.0
1366,2.0
1367,5.0
1368,9.0
1369,1.0
1370,5.0
1371,9.0
1372,1.0
1373,9.0
1374,8.0
1375,4.0
1376,10.0
1377,5.0
1378,5.0
1379,6.0
1380,7.0
1381,8.0
1382,8.0
1383,2.0
1384,9.0
1385,7.0
1386,4.0
1387,4.0
1388,8.0
1389,4.0
1390,6.0
1391,5.0
1392,3.0
1393,10.0
1394,2.0
1395,9.0
1396,10.0
1397,9.0
1398,1.0
1399,10.0
1400,3.0
1401,8.0
1402,6.0
1403,5.0
1404,5.0
1405,6.0
1406,7.0
1407,1.0
1408,9.0
1409,3.0
1410,4.0
1411,10.0
1412,1.0
1413,10.0
1414,3.0
1415,2.0
1416,2.0
1417,1.0
1418,8.0
1419,3.0
1420,3.0
1421,6.0
1422,8.0
1423,9.0
1424,9.0
1425,4.0
1426,5.0
1427,2.0
1428,9.0
1429,8.0
1430,3.0
1431,9.0
1432,3.0
1433,9.0
1434,2.0
1435,10.0
1436,9.0
1437,8.0
1438,9.0
1439,5.0
1440,2.0
1441,8.0
1442,6.0
1443,8.0
1444,5.0
1445,10.0
1446,2.0
1447,6.0
1448,5.0
1449,5.0
1450,1.0
1451,2.0
1452,8.0
1453,3.0
1454,10.0
1455,3.0
1456,8.0
1457,8.0
1458,2.0
1459,8.0
1460,1.0
1461,6.0
1462,8.0
1463,3.0
1464,8.0
1465,1.0
1466,9.0
1467,9.0
1468,5.0
1469,10.0
1470,4.0
1471,6.0
1472,7.0
1473,5.0
1474,10.0
1475,9.0
1476,3.0
1477,7.0
1478,10.0
1479,10.0
1480,5.0
1481,7.0
1482,2.0
1483,4.0
1484,2.0
1485,7.0
1486,2.0
1487,1.0
1488,9.0
1489,1.0
1490,8.0
1491,2.0
1492,8.0
1493,3.0
1494,6.0
1495,3.0
1496,7.0
1497,10.0
1498,9.0
1499,2.0
1500,5.0
1501,6.0
1502,4.0
1503,4.0
1504,4.0
1505,2.0
1506,4.0
1507,1.0
1508,6.0
1509,1.0
1510,10.0
1511,6.0
1512,1.0
1513,6.0
1514,10.0
1515,8.0
1516,2.0
1517,2.0
1518,4.0
1519,3.0
1520,4.0
1521,7.0
1522,1.0
1523,6.0
1524,3.0
1525,10.0
1526,7.0
1527,10.0
1528,2.0
1529,2.0
1530,4.0
1531,1.0
1532,3.0
1533,9.0
1534,7.0
1535,7.0
1536,4.0
1537,2.0
1538,4.0
1539,6.0
1540,3.0
1541,1.0
1542,8.0
1543,5.0
1544,5.0
1545,4.0
1546,6.0
1547,3.0
1548,9.0
1549,5.0
1550,3.0
1551,1.0
1552,10.0
1553,6.0
1554,2.0
1555,3.0
1556,1.0
1557,9.0
1558,8.0
1559,2.0
1560,8.0
1561,9.0
1562,1.0
1563,5.0
1564,8.0
1565,2.0
1566,4.0
1567,7.0
1568,3.0
1569,5.0
1570,8.0
1571,10.0
1572,3.0
1573,4.0
1574,9.0
1575,7.0
1576,1.0
1577,4.0
1578,4.0
1579,9.0
1580,6.0
1581,9.0
1582,6.0
1583,6.0
1584,5.0
1585,5.0
1586,2.0
1587,8.0
1588,8.0
1589,1.0
1590,8.0
1591,5.0
1592,2.0
1593,2.0
1594,6.0
1595,9.0
1596,1.0
1597,6.0
1598,9.0
1599,8.0
1600,6.0
1601,3.0
1602,8.0
1603,9.0
1604,1.0
1605,9.0
1606,6.0
1607,6.0
1608,4.0
1609,1.0
1610,10.0
1611,8.0
1612,2.0
1613,1.0
1614,2.0
1615,1.0
1616,1.0
1617,9.0
1618,1.0
1619,4.0
1620,10.0
1621,6.0
1622,7.0
1623,2.0
1624,6.0
1625,7.0
1626,10.0
1627,10.0
1628,2.0
1629,2.0
1630,10.0
1631,7.0
1632,1.0
1633,8.0
1634,3.0
1635,6.0
1636,9.0
1637,6.0
1638,9.0
1639,7.0
1640,9.0
1641,2.0
1642,8.0
1643,8.0
1644,2.0
1645,4.0
1646,7.0
1647,4.0
1648,4.0
1649,6.0
1650,10.0
1651,6.0
1652,10.0
1653,3.0
1654,9.0
1655,10.0
1656,2.0
1657,6.0
1658,7.0
1659,9.0
1660,3.0
1661,10.0
1662,3.0
1663,7.0
1664,4.0
1665,8.0
1666,7.0
1667,5.0
1668,7.0
1669,3.0
1670,2.0
1671,6.0
1672,2.0
1673,3.0
1674,6.0
1675,5.0
1676,8.0
1677,9.0
1678,3.0
1679,10.0
1680,3.0
1681,3.0
1682,6.0
1683,1.0
1684,7.0
1685,1.0
1686,5.0
1687,10.0
1688,8.0
1689,4.0
1690,5.0
1691,4.0
1692,4.0
1693,8.0
1694,2.0
1695,1.0
1696,3.0
1697,9.0
1698,4.0
1699,10.0
1700,5.0
1701,2.0
1702,4.0
1703,2.0
1704,2.0
1705,4.0
1706,6.0
1707,7.0
1708,10.0
1709,3.0
1710,3.0
1711,10.0
1712,6.0
1713,3.0
1714,2.0
1715,8.0
1716,5.0
1717,1.0
1718,3.0
1719,10.0
1720,8.0
1721,4.0
1722,7.0
1723,10.0
1724,2.0
1725,7.0
1726,5.0
1727,5.0
1728,6.0
1729,9.0
1730,6.0
1731,8.0
1732,7.0
1733,9.0
1734,4.0
1735,2.0
1736,7.0
1737,6.0
1738,1.0
1739,9.0
1740,9.0
1741,2.0
1742,3.0
1743,5.0
1744,5.0
1745,1.0
1746,8.0
1747,8.0
1748,4.0
1749,7.0
1750,10.0
1751,3.0
1752,6.0
1753,10.0
1754,10.0
1755,9.0
1756,1.0
1757,5.0
1758,4.0
1759,8.0
1760,1.0
1761,9.0
1762,6.0
1763,4.0
1764,9.0
1765,5.0
1766,5.0
1767,5.0
1768,1.0
1769,1.0
1770,8.0
1771,8.0
1772,6.0
1773,4.0
1774,2.0
1775,2.0
1776,9.0
1777,5.0
1778,4.0
1779,10.0
1780,1.0
1781,7.0
1782,3.0
1783,6.0
1784,5.0
1785,5.0
1786,5.0
1787,1.0
1788,1.0
1789,3.0
1790,10.0
1791,4.0
1792,5.0
1793,2.0
1794,8.0
1795,2.0
1796,9.0
1797,2.0
1798,9.0
1799,7.0
1800,8.0
1801,2.0
1802,7.0
1803,6.0
1804,4.0
1805,7.0
1806,4.0
1807,2.0
1808,10.0
1809,7.0
1810,8.0
1811,2.0
1812,5.0
1813,1.0
1814,7.0
1815,8.0
1816,6.0
1817,5.0
1818,6.0
1819,2.0
1820,1.0
1821,7.0
1822,7.0
1823,10.0
1824,10.0
1825,2.0
1826,2.0
1827,1.0
1828,10.0
1829,8.0
1830,8.0
1831,1.0
1832,8.0
1833,9.0
1834,4.0
1835,1.0
1836,1.0
1837,3.0
1838,5.0
1839,5.0
1840,9.0
1841,10.0
1842,2.0
1843,2.0
1844,6.0
1845,9.0
1846,1.0
1847,9.0
1848,9.0
1849,9.0
1850,5.0
1851,9.0
1852,4.0
1853,2.0
1854,6.0
1855,4.0
1856,6.0
1857,3.0
1858,6.0
1859,2.0
1860,2.0
1861,9.0
1862,7.0
1863,3.0
1864,1.0
1865,8.0
1866,6.0
1867,7.0
1868,9.0
1869,5.0
1870,1.0
1871,10.0
1872,7.0
1873,5.0
1874,3.0
1875,9.0
1876,1.0
1877,1.0
1878,1.0
1879,3.0
1880,6.0
1881,10.0
1882,3.0
1883,8.0
1884,10.0
1885,2.0
1886,9.0
1887,3.0
1888,5.0
1889,10.0
1890,8.0
1891,2.0
1892,6.0
1893,5.0
1894,10.0
1895,9.0
1896,5.0
1897,2.0
1898,5.0
1899,4.0
1900,7.0
1901,6.0
1902,2.0
1903,5.0
1904,7.0
1905,7.0
1906,5.0
1907,9.0
1908,4.0
1909,3.0
1910,4.0
1911,5.0
1912,6.0
1913,3.0
1914,2.0
1915,4.0
1916,5.0
1917,4.0
1918,3.0
1919,8.0
1920,10.0
1921,4.0
1922,2.0
1923,2.0
1924,1.0
1925,4.0
1926,10.0
1927,9.0
1928,7.0
1929,10.0
1930,7.0
1931,7.0
1932,8.0
1933,1.0
1934,10.0
1935,10.0
1936,8.0
1937,4.0
1938,4.0
1939,4.0
1940,6.0
1941,7.0
1942,6.0
1943,1.0
1944,8.0
1945,10.0
1946,7.0
1947,6.0
1948,6.0
1949,5.0
1950,6.0
1951,9.0
1952,10.0
1953,9.0
1954,10.0
1955,8.0
1956,10.0
1957,9.0
1958,10.0
1959,8.0
1960,8.0
1961,1.0
1962,10.0
1963,5.0
1964,4.0
1965,2.0
1966,8.0
1967,3.0
1968,4.0
1969,7.0
1970,10.0
1971,9.0
1972,2.0
1973,3.0
1974,4.0
1975,10.0
1976,1.0
1977,7.0
1978,2.0
1979,5.0
1980,1.0
1981,3.0
1982,2.0
1983,1.0
1984,7.0
1985,5.0
1986,1.0
1987,6.0
1988,5.0
1989,3.0
1990,7.0
1991,10.0
1992,9.0
1993,9.0
1994,9.0
1995,2.0
1996,3.0
1997,7.0
1998,5.0
1999,2.0
2000,3.0
2001,10.0
2002,6.0
2003,7.0
2004,9.0
2005,1.0
2006,7.0
2007,8.0
2008,3.0
2009,4.0
2010,10.0
2011,6.0
2012,10.0
2013,7.0
2014,4.0
2015,8.0
2016,5.0
2017,1.0
2018,4.0
2019,3.0
2020,9.0
2021,8.0
2022,1.0
2023,6.0
2024,9.0
2025,7.0
2026,4.0
2027,1.0
2028,2.0
2029,5.0
2030,5.0
2031,8.0
2032,6.0
2033,8.0
2034,2.0
2035,3.0
2036,6.0
2037,10.0
2038,3.0
2039,6.0
2040,6.0
2041,2.0
2042,7.0
2043,2.0
2044,6.0
2045,1.0
2046,3.0
2047,2.0
2048,7.0
2049,4.0
2050,8.0
2051,6.0
2052,10.0
2053,4.0
2054,5.0
2055,9.0
2056,7.0
2057,10.0
2058,9.0
2059,7.0
2060,1.0
2061,8.0
2062,4.0
2063,3.0
2064,7.0
2065,3.0
2066,8.0
2067,6.0
2068,5.0
2069,4.0
2070,8.0
2071,8.0
2072,1.0
2073,9.0
2074,5.0
2075,4.0
2076,6.0
2077,6.0
2078,2.0
2079,8.0
2080,7.0
2081,1.0
2082,5.0
2083,6.0
2084,4.0
2085,2.0
2086,4.0
2087,1.0
2088,7.0
2089,2.0
2090,2.0
2091,9.0
2092,5.0
2093,2.0
2094,9.0
2095,9.0
2096,1.0
2097,3.0
2098,4.0
2099,7.0
2100,10.0
2101,4.0
2102,2.0
2103,7.0
2104,6.0
2105,3.0
2106,6.0
2107,6.0
2108,5.0
2109,4.0
2110,10.0
2111,1.0
2112,10.0
2113,6.0
2114,2.0
2115,3.0
2116,8.0
2117,10.0
2118,6.0
2119,3.0
2120,7.0
2121,4.0
2122,9.0
2123,5.0
2124,3.0
2125,2.0
2126,2.0
2127,3.0
2128,2.0
2129,4.0
2130,2.0
2131,10.0
2132,9.0
2133,2.0
2134,9.0
2135,6.0
2136,1.0
2137,4.0
2138,1.0
2139,6.0
2140,4.0
2141,3.0
2142,3.0
2143,9.0
2144,6.0
2145,9.0
2146,5.0
2147,2.0
2148,8.0
2149,5.0
2150,2.0
2151,4.0
2152,9.0
2153,4.0
2154,4.0
2155,2.0
2156,6.0
2157,2.0
2158,7.0
2159,3.0
2160,3.0
2161,5.0
2162,3.0
2163,2.0
2164,10.0
2165,9.0
2166,2.0
2167,2.0
2168,8.0
2169,9.0
2170,7.0
2171,3.0
2172,9.0
2173,3.0
2174,5.0
2175,9.0
2176,3.0
2177,7.0
2178,1.0
2179,4.0
2180,4.0
2181,7.0
2182,8.0
2183,1.0
2184,5.0
2185,7.0
2186,4.0
2187,4.0
2188,4.0
2189,6.0
2190,7.0
2191,2.0
2192,5.0
2193,4.0
2194,3.0
2195,7.0
2196,6.0
2197,7.0
2198,5.0
2199,6.0
2200,5.0
2201,7.0
2202,2.0
2203,5.0
2204,6.0
2205,6.0
2206,5.0
2207,10.0
2208,7.0
2209,10.0
2210,8.0
2211,7.0
2212,5.0
2213,1.0
2214,5.0
2215,10.0
2216,2.0
2217,5.0
2218,5.0
2219,2.0
2220,5.0
2221,4.0
2222,1.0
2223,3.0
2224,1.0
2225,5.0
2226,4.0
2227,7.0
2228,5.0
2229,10.0
2230,4.0
2231,2.0
2232,4.0
2233,2.0
2234,8.0
2235,3.0
2236,9.0
2237,4.0
2238,6.0
2239,10.0
2240,5.0
2241,10.0
2242,1.0
2243,9.0
2244,1.0
2245,8.0
2246,9.0
2247,9.0
2248,1.0
2249,2.0
2250,1.0
2251,10.0
2252,2.0
2253,10.0
2254,8.0
2255,5.0
2256,7.0
2257,2.0
2258,8.0
2259,6.0
2260,8.0
2261,1.0
2262,1.0
2263,7.0
2264,8.0
2265,3.0
2266,5.0
2267,1.0
2268,7.0
2269,5.0
2270,8.0
2271,8.0
2272,9.0
2273,7.0
2274,1.0
2275,3.0
2276,8.0
2277,3.0
2278,8.0
2279,1.0
2280,5.0
2281,4.0
2282,5.0
2283,8.0
2284,10.0
2285,4.0
2286,4.0
2287,3.0
2288,7.0
2289,3.0
2290,3.0
2291,10.0
2292,5.0
2293,5.0
2294,6.0
2295,8.0
2296,10.0
2297,6.0
2298,1.0
2299,8.0
2300,8.0
2301,9.0
2302,9.0
2303,2.0
2304,2.0
2305,3.0
2306,1.0
2307,4.0
2308,4.0
2309,9.0
2310,9.0
2311,9.0
2312,10.0
2313,7.0
2314,2.0
2315,10.0
2316,5.0
2317,4.0
2318,8.0
2319,2.0
2320,6.0
2321,5.0
2322,2.0
2323,10.0
2324,1.0
2325,8.0
2326,2.0
2327,7.0
2328,9.0
2329,9.0
2330,8.0
2331,10.0
2332,9.0
2333,2.0
2334,6.0
2335,4.0
2336,4.0
2337,5.0
2338,3.0
2339,1.0
2340,8.0
2341,5.0
2342,3.0
2343,10.0
2344,7.0
2345,7.0
2346,1.0
2347,9.0
2348,2.0
2349,5.0
2350,5.0
2351,8.0
2352,8.0
2353,7.0
2354,7.0
2355,6.0
2356,6.0
2357,9.0
2358,6.0
2359,2.0
2360,2.0
2361,5.0
2362,4.0
2363,2.0
2364,3.0
2365,7.0
2366,8.0
2367,6.0
2368,5.0
2369,1.0
2370,8.0
2371,3.0
2372,6.0
2373,3.0
2374,7.0
2375,7.0
2376,9.0
2377,5.0
2378,8.0
2379,10.0
2380,10.0
2381,8.0
2382,1.0
2383,5.0
2384,3.0
2385,1.0
2386,4.0
2387,8.0
2388,3.0
2389,10.0
2390,2.0
2391,9.0
2392,10.0
2393,5.0
2394,7.0
2395,2.0
2396,9.0
2397,9.0
2398,4.0
2399,4.0
2400,6.0
2401,10.0
2402,10.0
2403,10.0
2404,6.0
2405,1.0
2406,9.0
2407,2.0
2408,5.0
2409,9.0
2410,4.0
2411,3.0
2412,7.0
2413,6.0
2414,8.0
2415,3.0
2416,5.0
2417,10.0
2418,4.0
2419,4.0
2420,4.0
2421,10.0
2422,8.0
2423,6.0
2424,3.0
2425,10.0
2426,5.0
2427,6.0
2428,5.0
2429,6.0
2430,8.0
2431,7.0
2432,5.0
2433,10.0
2434,6.0
2435,4.0
2436,9.0
2437,4.0
2438,1.0
2439,7.0
2440,7.0
2441,4.0
2442,3.0
2443,8.0
2444,5.0
2445,10.0
2446,7.0
2447,4.0
2448,4.0
2449,8.0
2450,8.0
2451,2.0
2452,2.0
2453,3.0
2454,3.0
2455,1.0
2456,3.0
2457,6.0
2458,8.0
2459,10.0
2460,6.0
2461,5.0
2462,4.0
2463,3.0
2464,4.0
2465,7.0
2466,1.0
2467,7.0
2468,1.0
2469,2.0
2470,4.0
2471,1.0
2472,9.0
2473,6.0
2474,1.0
2475,1.0
2476,6.0
2477,4.0
2478,4.0
2479,6.0
2480,7.0
2481,9.0
2482,10.0
2483,5.0
2484,9.0
2485,4.0
2486,10.0
2487,2.0
2488,3.0
2489,1.0
2490,6.0
2491,6.0
2492,1.0
2493,3.0
2494,5.0
2495,3.0
2496,10.0
2497,3.0
2498,10.0
2499,3.0
2500,5.0
2501,5.0
2502,4.0
2503,1.0
2504,5.0
2505,10.0
2506,5.0
2507,4.0
2508,6.0
2509,10.0
2510,4.0
2511,7.0
2512,7.0
2513,2.0
2514,3.0
2515,1.0
2516,8.0
2517,9.0
2518,4.0
2519,6.0
2520,9.0
2521,6.0
2522,9.0
2523,4.0
2524,8.0
2525,9.0
2526,4.0
2527,5.0
2528,8.0
2529,10.0
2530,6.0
2531,7.0
2532,3.0
2533,7.0
2534,8.0
2535,10.0
2536,6.0
2537,10.0
2538,9.0
2539,6.0
2540,9.0
2541,4.0
2542,8.0
2543,4.0
2544,2.0
2545,10.0
2546,9.0
2547,5.0
2548,4.0
2549,2.0
2550,1.0
2551,7.0
2552,6.0
2553,2.0
2554,8.0
2555,4.0
2556,8.0
2557,7.0
2558,5.0
2559,10.0
2560,10.0
2561,8.0
2562,9.0
2563,5.0
2564,10.0
2565,5.0
2566,2.0
2567,5.0
2568,3.0
2569,7.0
2570,10.0
2571,5.0
2572,8.0
2573,1.0
2574,3.0
2575,3.0
2576,9.0
2577,5.0
2578,9.0
2579,9.0
2580,1.0
2581,2.0
2582,5.0
2583,4.0
2584,10.0
2585,9.0
2586,7.0
2587,6.0
2588,7.0
2589,1.0
2590,1.0
2591,8.0
2592,2.0
2593,10.0
2594,9.0
2595,7.0
2596,6.0
2597,1.0
2598,1.0
2599,2.0
2600,6.0
2601,6.0
2602,2.0
2603,1.0
2604,10.0
2605,5.0
2606,5.0
2607,2.0
2608,6.0
2609,9.0
2610,2.0
2611,10.0
2612,2.0
2613,3.0
2614,7.0
2615,6.0
2616,8.0
2617,8.0
2618,6.0
2619,10.0
2620,3.0
2621,3.0
2622,1.0
2623,7.0
2624,5.0
2625,4.0
2626,10.0
2627,4.0
2628,4.0
2629,6.0
2630,8.0
2631,8.0
2632,5.0
2633,6.0
2634,4.0
2635,9.0
2636,8.0
2637,10.0
2638,10.0
2639,1.0
2640,2.0
2641,9.0
2642,8.0
2643,3.0
2644,8.0
2645,1.0
2646,10.0
2647,4.0
2648,3.0
2649,6.0
2650,7.0
2651,4.0
2652,7.0
2653,9.0
2654,2.0
2655,3.0
2656,5.0
2657,3.0
2658,8.0
2659,10.0
2660,8.0
2661,8.0
2662,9.0
2663,4.0
2664,5.0
2665,5.0
2666,8.0
2667,7.0
2668,9.0
2669,8.0
2670,2.0
2671,10.0
2672,4.0
2673,6.0
2674,2.0
2675,7.0
2676,3.0
2677,3.0
2678,2.0
2679,8.0
2680,6.0
2681,1.0
2682,1.0
2683,7.0
2684,8.0
2685,5.0
2686,5.0
2687,4.0
2688,6.0
2689,6.0
2690,3.0
2691,9.0
2692,7.0
2693,1.0
2694,7.0
2695,5.0
2696,5.0
2697,2.0
2698,4.0
2699,6.0
2700,10.0
2701,7.0
2702,5.0
2703,9.0
2704,3.0
2705,1.0
2706,4.0
2707,9.0
2708,4.0
2709,2.0
2710,10.0
2711,5.0
2712,3.0
2713,9.0
2714,4.0
2715,6.0
2716,2.0
2717,6.0
2718,3.0
2719,9.0
2720,2.0
2721,9.0
2722,5.0
2723,8.0
2724,2.0
2725,6.0
2726,3.0
2727,10.0
2728,5.0
2729,8.0
2730,10.0
2731,1.0
2732,5.0
2733,3.0
2734,4.0
2735,2.0
2736,9.0
2737,3.0
2738,2.0
2739,10.0
2740,9.0
2741,7.0
2742,6.0
2743,1.0
2744,5.0
2745,3.0
2746,1.0
2747,4.0
2748,2.0
2749,2.0
2750,3.0
2751,8.0
2752,8.0
2753,7.0
2754,6.0
2755,9.0
2756,4.0
2757,1.0
2758,8.0
2759,7.0
2760,7.0
2761,3.0
2762,4.0
2763,10.0
2764,9.0
2765,6.0
2766,5.0
2767,3.0
2768,9.0
2769,5.0
2770,5.0
2771,4.0
2772,4.0
2773,1.0
2774,7.0
2775,9.0
2776,3.0
2777,2.0
2778,3.0
2779,1.0
2780,6.0
2781,7.0
2782,2.0
2783,8.0
2784,6.0
2785,4.0
2786,5.0
2787,8.0
2788,3.0
2789,3.0
2790,4.0
2791,1.0
2792,9.0
2793,8.0
2794,8.0
2795,10.0
2796,6.0
2797,7.0
2798,6.0
2799,9.0
2800,3.0
2801,3.0
2802,3.0
2803,10.0
2804,3.0
2805,9.0
2806,4.0
2807,7.0
2808,9.0
2809,7.0
2810,9.0
2811,3.0
2812,4.0
2813,8.0
2814,6.0
2815,5.0
2816,4.0
2817,8.0
2818,1.0
2819,9.0
2820,1.0
2821,8.0
2822,4.0
2823,9.0
2824,5.0
2825,3.0
2826,9.0
2827,9.0
2828,4.0
2829,4.0
2830,8.0
2831,2.0
2832,9.0
2833,6.0
2834,9.0
2835,8.0
2836,7.0
2837,1.0
2838,3.0
2839,2.0
2840,5.0
2841,5.0
2842,5.0
2843,4.0
2844,5.0
2845,3.0
2846,1.0
2847,5.0
2848,9.0
2849,9.0
2850,4.0
2851,3.0
2852,1.0
2853,2.0
2854,8.0
2855,1.0
2856,8.0
2857,7.0
2858,8.0
2859,6.0
2860,9.0
2861,3.0
2862,10.0
2863,4.0
2864,6.0
2865,8.0
2866,5.0
2867,3.0
2868,6.0
2869,4.0
2870,9.0
2871,3.0
2872,4.0
2873,7.0
2874,7.0
2875,4.0
2876,6.0
2877,3.0
2878,6.0
2879,2.0
2880,8.0
2881,2.0
2882,7.0
2883,9.0
2884,1.0
2885,8.0
2886,7.0
2887,6.0
2888,6.0
2889,6.0
2890,9.0
2891,2.0
2892,1.0
2893,6.0
2894,10.0
2895,8.0
2896,3.0
2897,10.0
2898,1.0
2899,9.0
2900,1.0
2901,3.0
2902,8.0
2903,3.0
2904,4.0
2905,8.0
2906,1.0
2907,6.0
2908,1.0
2909,1.0
2910,8.0
2911,4.0
2912,1.0
2913,10.0
2914,7.0
2915,5.0
2916,5.0
2917,1.0
2918,10.0
2919,6.0
2920,9.0
2921,9.0
2922,8.0
2923,5.0
2924,1.0
2925,9.0
2926,1.0
2927,8.0
2928,5.0
2929,3.0
2930,7.0
2931,7.0
2932,9.0
2933,7.0
2934,3.0
2935,1.0
2936,8.0
2937,3.0
2938,8.0
2939,8.0
2940,5.0
2941,1.0
2942,10.0
2943,7.0
2944,10.0
2945,5.0
2946,8.0
2947,9.0
2948,7.0
2949,7.0
2950,1.0
2951,4.0
2952,2.0
2953,2.0
2954,2.0
2955,4.0
2956,1.0
2957,4.0
2958,2.0
2959,5.0
2960,3.0
2961,8.0
2962,4.0
2963,1.0
2964,1.0
2965,10.0
2966,3.0
2967,9.0
2968,7.0
2969,2.0
2970,9.0
2971,10.0
2972,2.0
2973,3.0
2974,10.0
2975,2.0
2976,3.0
2977,6.0
2978,9.0
2979,9.0
2980,7.0
2981,3.0
2982,4.0
2983,6.0
2984,5.0
2985,2.0
2986,6.0
2987,3.0
2988,8.0
2989,2.0
2990,1.0
2991,9.0
2992,3.0
2993,1.0
2994,7.0
2995,10.0
2996,5.0
2997,5.0
2998,1.0
2999,9.0
3000,7.0
3001,8.0
3002,9.0
3003,6.0
3004,5.0
3005,6.0
3006,2.0
3007,4.0
3008,3.0
3009,7.0
3010,9.0
3011,5.0
3012,6.0
3013,10.0
3014,2.0
3015,3.0
3016,3.0
3017,9.0
3018,7.0
3019,8.0
3020,10.0
3021,9.0
3022,6.0
3023,4.0
3024,1.0
3025,8.0
3026,7.0
3027,2.0
3028,8.0
3029,5.0
3030,7.0
3031,4.0
3032,5.0
3033,8.0
3034,1.0
3035,1.0
3036,4.0
3037,3.0
3038,10.0
3039,2.0
3040,3.0
3041,1.0
3042,1.0
3043,6.0
3044,5.0
3045,8.0
3046,2.0
3047,4.0
3048,8.0
3049,6.0
3050,1.0
3051,4.0
3052,1.0
3053,2.0
3054,5.0
3055,8.0
3056,8.0
3057,3.0
3058,4.0
3059,10.0
3060,6.0
3061,10.0
3062,3.0
3063,2.0
3064,6.0
3065,5.0
3066,10.0
3067,5.0
3068,10.0
3069,5.0
3070,10.0
3071,5.0
3072,3.0
3073,7.0
3074,6.0
3075,4.0
3076,2.0
3077,9.0
3078,1.0
3079,4.0
3080,1.0
3081,6.0
3082,4.0
3083,5.0
3084,5.0
3085,9.0
3086,1.0
3087,2.0
3088,6.0
3089,5.0
3090,7.0
3091,3.0
3092,3.0
3093,10.0
3094,2.0
3095,3.0
3096,10.0
3097,1.0
3098,5.0
3099,5.0
3100,7.0
3101,4.0
3102,3.0
3103,1.0
3104,8.0
3105,3.0
3106,2.0
3107,4.0
3108,3.0
3109,1.0
3110,3.0
3111,2.0
3112,8.0
3113,6.0
3114,9.0
3115,8.0
3116,10.0
3117,3.0
3118,5.0
3119,7.0
3120,5.0
3121,8.0
3122,5.0
3123,1.0
3124,5.0
3125,4.0
3126,6.0
3127,3.0
3128,5.0
3129,2.0
3130,6.0
3131,6.0
3132,5.0
3133,6.0
3134,7.0
3135,5.0
3136,1.0
3137,8.0
3138,4.0
3139,9.0
3140,10.0
3141,6.0
3142,1.0
3143,3.0
3144,3.0
3145,10.0
3146,4.0
3147,6.0
3148,7.0
3149,10.0
3150,4.0
3151,6.0
3152,1.0
3153,8.0
3154,7.0
3155,9.0
3156,3.0
3157,2.0
3158,1.0
3159,3.0
3160,5.0
3161,2.0
3162,3.0
3163,4.0
3164,7.0
3165,3.0
3166,9.0
3167,8.0
3168,4.0
3169,1.0
3170,1.0
3171,1.0
3172,1.0
3173,8.0
3174,3.0
3175,6.0
3176,3.0
3177,5.0
3178,7.0
3179,2.0
3180,6.0
3181,6.0
3182,3.0
3183,6.0
3184,10.0
3185,10.0
3186,5.0
3187,2.0
3188,9.0
3189,8.0
3190,3.0
3191,8.0
3192,9.0
3193,3.0
3194,3.0
3195,2.0
3196,8.0
3197,10.0
3198,1.0
3199,8.0
3200,7.0
3201,7.0
3202,3.0
3203,1.0
3204,4.0
3205,9.0
3206,5.0
3207,1.0
3208,5.0
3209,8.0
3210,8.0
3211,5.0
3212,9.0
3213,1.0
3214,4.0
3215,3.0
3216,2.0
3217,8.0
3218,7.0
3219,9.0
3220,2.0
3221,4.0
3222,6.0
3223,3.0
3224,8.0
3225,3.0
3226,2.0
3227,3.0
3228,6.0
3229,2.0
3230,8.0
3231,1.0
3232,7.0
3233,2.0
3234,10.0
3235,6.0
3236,2.0
3237,2.0
3238,10.0
3239,8.0
3240,2.0
3241,7.0
3242,3.0
3243,8.0
3244,7.0
3245,8.0
3246,7.0
3247,6.0
3248,7.0
3249,5.0
3250,7.0
3251,1.0
3252,1.0
3253,9.0
3254,5.0
3255,5.0
3256,3.0
3257,5.0
3258,3.0
3259,9.0
3260,9.0
3261,6.0
3262,1.0
3263,7.0
3264,7.0
3265,10.0
3266,10.0
3267,4.0
3268,8.0
3269,6.0
3270,4.0
3271,4.0
3272,2.0
3273,2.0
3274,4.0
3275,5.0
3276,8.0
3277,6.0
3278,4.0
3279,7.0
3280,8.0
3281,2.0
3282,7.0
3283,2.0
3284,2.0
3285,8.0
3286,2.0
3287,9.0
3288,1.0
3289,9.0
3290,1.0
3291,10.0
3292,10.0
3293,2.0
3294,6.0
3295,6.0
3296,1.0
3297,7.0
3298,8.0
3299,2.0
3300,8.0
3301,9.0
3302,6.0
3303,5.0
3304,9.0
3305,9.0
3306,1.0
3307,3.0
3308,9.0
3309,2.0
3310,4.0
3311,4.0
3312,2.0
3313,3.0
3314,3.0
3315,1.0
3316,6.0
3317,8.0
3318,3.0
3319,5.0
3320,1.0
3321,10.0
3322,7.0
3323,10.0
3324,1.0
3325,9.0
3326,8.0
3327,7.0
3328,10.0
3329,7.0
3330,5.0
3331,5.0
3332,5.0
3333,1.0
3334,8.0
3335,1.0
3336,4.0
3337,9.0
3338,9.0
3339,5.0
3340,4.0
3341,3.0
3342,3.0
3343,5.0
3344,10.0
3345,1.0
3346,5.0
3347,6.0
3348,7.0
3349,9.0
3350,3.0
3351,2.0
3352,3.0
3353,9.0
3354,7.0
3355,9.0
3356,2.0
3357,5.0
3358,4.0
3359,2.0
3360,9.0
3361,9.0
3362,6.0
3363,6.0
3364,8.0
3365,6.0
3366,1.0
3367,4.0
3368,7.0
3369,2.0
3370,9.0
3371,8.0
3372,8.0
3373,7.0
3374,4.0
3375,2.0
3376,3.0
3377,6.0
3378,5.0
3379,8.0
3380,6.0
3381,6.0
3382,1.0
3383,4.0
3384,5.0
3385,3.0
3386,9.0
3387,1.0
3388,6.0
3389,6.0
3390,10.0
3391,5.0
3392,5.0
3393,10.0
3394,5.0
3395,6.0
3396,8.0
3397,2.0
3398,6.0
3399,1.0
3400,4.0
3401,10.0
3402,3.0
3403,9.0
3404,3.0
3405,6.0
3406,1.0
3407,6.0
3408,4.0
3409,8.0
3410,9.0
3411,4.0
3412,10.0
3413,10.0
3414,6.0
3415,1.0
3416,4.0
3417,7.0
3418,1.0
3419,8.0
3420,10.0
3421,6.0
3422,5.0
3423,10.0
3424,9.0
3425,2.0
3426,5.0
3427,6.0
3428,7.0
3429,5.0
3430,9.0
3431,1.0
3432,7.0
3433,10.0
3434,7.0
3435,4.0
3436,9.0
3437,5.0
3438,4.0
3439,7.0
3440,4.0
3441,3.0
3442,9.0
3443,8.0
3444,1.0
3445,7.0
3446,9.0
3447,8.0
3448,8.0
3449,6.0
3450,4.0
3451,8.0
3452,3.0
3453,9.0
3454,2.0
3455,2.0
3456,7.0
3457,10.0
3458,4.0
3459,10.0
3460,8.0
3461,9.0
3462,7.0
3463,5.0
3464,8.0
3465,4.0
3466,2.0
3467,6.0
3468,9.0
3469,1.0
3470,10.0
3471,7.0
3472,10.0
3473,9.0
3474,10.0
3475,9.0
3476,10.0
3477,3.0
3478,5.0
3479,8.0
3480,8.0
3481,4.0
3482,1.0
3483,1.0
3484,4.0
3485,6.0
3486,8.0
3487,6.0
3488,9.0
3489,9.0
3490,2.0
3491,10.0
3492,1.0
3493,2.0
3494,5.0
3495,4.0
3496,4.0
3497,9.0
3498,8.0
3499,6.0
3500,1.0
3501,2.0
3502,6.0
3503,2.0
3504,10.0
3505,5.0
3506,5.0
3507,6.0
3508,6.0
3509,6.0
3510,2.0
3511,10.0
3512,3.0
3513,6.0
3514,8.0
3515,1.0
3516,1.0
3517,2.0
3518,6.0
3519,9.0
3520,4.0
3521,3.0
3522,8.0
3523,10.0
3524,9.0
3525,5.0
3526,9.0
3527,2.0
3528,3.0
3529,7.0
3530,7.0
3531,6.0
3532,6.0
3533,2.0
3534,10.0
3535,6.0
3536,4.0
3537,3.0
3538,2.0
3539,1.0
3540,5.0
3541,2.0
3542,2.0
3543,7.0
3544,8.0
3545,10.0
3546,8.0
3547,4.0
3548,1.0
3549,7.0
3550,1.0
3551,4.0
3552,8.0
3553,2.0
3554,6.0
3555,6.0
3556,9.0
3557,5.0
3558,10.0
3559,4.0
3560,5.0
3561,10.0
3562,5.0
3563,8.0
3564,10.0
3565,8.0
3566,2.0
3567,7.0
3568,8.0
3569,6.0
3570,5.0
3571,9.0
3572,3.0
3573,10.0
3574,4.0
3575,9.0
3576,6.0
3577,8.0
3578,7.0
3579,2.0
3580,3.0
3581,1.0
3582,9.0
3583,7.0
3584,1.0
3585,3.0
3586,4.0
3587,4.0
3588,5.0
3589,3.0
3590,3.0
3591,1.0
3592,7.0
3593,10.0
3594,1.0
3595,2.0
3596,4.0
3597,4.0
3598,5.0
3599,2.0
3600,4.0
3601,1.0
3602,2.0
3603,1.0
3604,10.0
3605,10.0
3606,4.0
3607,4.0
3608,7.0
3609,10.0
3610,9.0
3611,9.0
3612,5.0
3613,10.0
3614,1.0
3615,1.0
3616,6.0
3617,2.0
3618,8.0
3619,9.0
3620,4.0
3621,5.0
3622,8.0
3623,3.0
3624,5.0
3625,3.0
3626,10.0
3627,3.0
3628,3.0
3629,7.0
3630,7.0
3631,7.0
3632,10.0
3633,8.0
3634,5.0
3635,5.0
3636,4.0
3637,7.0
3638,10.0
